--
-- PostgreSQL database dump
--

-- Dumped from database version 9.4.1
-- Dumped by pg_dump version 9.4.1
-- Started on 2015-04-17 16:05:04

SET statement_timeout = 0;
SET lock_timeout = 0;
SET client_encoding = 'UTF8';
SET standard_conforming_strings = on;
SET check_function_bodies = false;
SET client_min_messages = warning;

--
-- TOC entry 231 (class 3079 OID 11855)
-- Name: plpgsql; Type: EXTENSION; Schema: -; Owner: 
--

CREATE EXTENSION IF NOT EXISTS plpgsql WITH SCHEMA pg_catalog;


--
-- TOC entry 2354 (class 0 OID 0)
-- Dependencies: 231
-- Name: EXTENSION plpgsql; Type: COMMENT; Schema: -; Owner: 
--

COMMENT ON EXTENSION plpgsql IS 'PL/pgSQL procedural language';


SET search_path = public, pg_catalog;

--
-- TOC entry 172 (class 1259 OID 16394)
-- Name: bitacora_id_seq; Type: SEQUENCE; Schema: public; Owner: postgres
--

CREATE SEQUENCE bitacora_id_seq
    START WITH 1
    INCREMENT BY 1
    NO MINVALUE
    NO MAXVALUE
    CACHE 1;


ALTER TABLE bitacora_id_seq OWNER TO postgres;

--
-- TOC entry 2355 (class 0 OID 0)
-- Dependencies: 172
-- Name: SEQUENCE bitacora_id_seq; Type: COMMENT; Schema: public; Owner: postgres
--

COMMENT ON SEQUENCE bitacora_id_seq IS 'DbWrench Autogenerated Sequence.';


SET default_tablespace = '';

SET default_with_oids = false;

--
-- TOC entry 173 (class 1259 OID 16396)
-- Name: bitacora; Type: TABLE; Schema: public; Owner: postgres; Tablespace: 
--

CREATE TABLE bitacora (
    id bigint DEFAULT nextval('bitacora_id_seq'::regclass) NOT NULL,
    usuario_id bigint NOT NULL,
    accion character varying(80) NOT NULL,
    tabla character varying(80) NOT NULL,
    registro bigint,
    observacion character varying(1024),
    fecha timestamp without time zone DEFAULT now() NOT NULL
);


ALTER TABLE bitacora OWNER TO postgres;

--
-- TOC entry 174 (class 1259 OID 16404)
-- Name: bitacora_Id_seq; Type: SEQUENCE; Schema: public; Owner: postgres
--

CREATE SEQUENCE "bitacora_Id_seq"
    START WITH 1
    INCREMENT BY 1
    NO MINVALUE
    NO MAXVALUE
    CACHE 1;


ALTER TABLE "bitacora_Id_seq" OWNER TO postgres;

--
-- TOC entry 2356 (class 0 OID 0)
-- Dependencies: 174
-- Name: SEQUENCE "bitacora_Id_seq"; Type: COMMENT; Schema: public; Owner: postgres
--

COMMENT ON SEQUENCE "bitacora_Id_seq" IS 'DbWrench Autogenerated Sequence.';


--
-- TOC entry 175 (class 1259 OID 16406)
-- Name: ciudad_Id_seq; Type: SEQUENCE; Schema: public; Owner: postgres
--

CREATE SEQUENCE "ciudad_Id_seq"
    START WITH 1
    INCREMENT BY 1
    NO MINVALUE
    NO MAXVALUE
    CACHE 1;


ALTER TABLE "ciudad_Id_seq" OWNER TO postgres;

--
-- TOC entry 2357 (class 0 OID 0)
-- Dependencies: 175
-- Name: SEQUENCE "ciudad_Id_seq"; Type: COMMENT; Schema: public; Owner: postgres
--

COMMENT ON SEQUENCE "ciudad_Id_seq" IS 'DbWrench Autogenerated Sequence.';


--
-- TOC entry 176 (class 1259 OID 16408)
-- Name: ciudad; Type: TABLE; Schema: public; Owner: postgres; Tablespace: 
--

CREATE TABLE ciudad (
    id integer DEFAULT nextval('"ciudad_Id_seq"'::regclass) NOT NULL,
    nom_ciudad character varying(40)
);


ALTER TABLE ciudad OWNER TO postgres;

--
-- TOC entry 177 (class 1259 OID 16412)
-- Name: control_calidad_Id_seq; Type: SEQUENCE; Schema: public; Owner: postgres
--

CREATE SEQUENCE "control_calidad_Id_seq"
    START WITH 1
    INCREMENT BY 1
    NO MINVALUE
    NO MAXVALUE
    CACHE 1;


ALTER TABLE "control_calidad_Id_seq" OWNER TO postgres;

--
-- TOC entry 2358 (class 0 OID 0)
-- Dependencies: 177
-- Name: SEQUENCE "control_calidad_Id_seq"; Type: COMMENT; Schema: public; Owner: postgres
--

COMMENT ON SEQUENCE "control_calidad_Id_seq" IS 'DbWrench Autogenerated Sequence.';


--
-- TOC entry 178 (class 1259 OID 16414)
-- Name: control_calidad; Type: TABLE; Schema: public; Owner: postgres; Tablespace: 
--

CREATE TABLE control_calidad (
    id integer DEFAULT nextval('"control_calidad_Id_seq"'::regclass) NOT NULL,
    empleado_id integer,
    proveedor_id integer,
    turno character varying(10),
    brix bigint,
    ph bigint,
    ar bigint,
    sacarosa bigint,
    pureza bigint,
    fecha timestamp without time zone
);


ALTER TABLE control_calidad OWNER TO postgres;

--
-- TOC entry 179 (class 1259 OID 16418)
-- Name: credencial_id_seq; Type: SEQUENCE; Schema: public; Owner: postgres
--

CREATE SEQUENCE credencial_id_seq
    START WITH 1
    INCREMENT BY 1
    NO MINVALUE
    NO MAXVALUE
    CACHE 1;


ALTER TABLE credencial_id_seq OWNER TO postgres;

--
-- TOC entry 2359 (class 0 OID 0)
-- Dependencies: 179
-- Name: SEQUENCE credencial_id_seq; Type: COMMENT; Schema: public; Owner: postgres
--

COMMENT ON SEQUENCE credencial_id_seq IS 'DbWrench Autogenerated Sequence.';


--
-- TOC entry 180 (class 1259 OID 16420)
-- Name: credencial; Type: TABLE; Schema: public; Owner: postgres; Tablespace: 
--

CREATE TABLE credencial (
    id bigint DEFAULT nextval('credencial_id_seq'::regclass) NOT NULL,
    nombre character varying(80) NOT NULL,
    created_at timestamp without time zone DEFAULT now() NOT NULL,
    updated_at timestamp without time zone DEFAULT now() NOT NULL,
    deleted_at timestamp without time zone
);


ALTER TABLE credencial OWNER TO postgres;

--
-- TOC entry 181 (class 1259 OID 16426)
-- Name: credencial_Id_seq; Type: SEQUENCE; Schema: public; Owner: postgres
--

CREATE SEQUENCE "credencial_Id_seq"
    START WITH 1
    INCREMENT BY 1
    NO MINVALUE
    NO MAXVALUE
    CACHE 1;


ALTER TABLE "credencial_Id_seq" OWNER TO postgres;

--
-- TOC entry 2360 (class 0 OID 0)
-- Dependencies: 181
-- Name: SEQUENCE "credencial_Id_seq"; Type: COMMENT; Schema: public; Owner: postgres
--

COMMENT ON SEQUENCE "credencial_Id_seq" IS 'DbWrench Autogenerated Sequence.';


--
-- TOC entry 182 (class 1259 OID 16428)
-- Name: dato_usuario_Id_seq; Type: SEQUENCE; Schema: public; Owner: postgres
--

CREATE SEQUENCE "dato_usuario_Id_seq"
    START WITH 1
    INCREMENT BY 1
    NO MINVALUE
    NO MAXVALUE
    CACHE 1;


ALTER TABLE "dato_usuario_Id_seq" OWNER TO postgres;

--
-- TOC entry 2361 (class 0 OID 0)
-- Dependencies: 182
-- Name: SEQUENCE "dato_usuario_Id_seq"; Type: COMMENT; Schema: public; Owner: postgres
--

COMMENT ON SEQUENCE "dato_usuario_Id_seq" IS 'DbWrench Autogenerated Sequence.';


--
-- TOC entry 183 (class 1259 OID 16430)
-- Name: detalle_empaque_Id_seq; Type: SEQUENCE; Schema: public; Owner: postgres
--

CREATE SEQUENCE "detalle_empaque_Id_seq"
    START WITH 1
    INCREMENT BY 1
    NO MINVALUE
    NO MAXVALUE
    CACHE 1;


ALTER TABLE "detalle_empaque_Id_seq" OWNER TO postgres;

--
-- TOC entry 2362 (class 0 OID 0)
-- Dependencies: 183
-- Name: SEQUENCE "detalle_empaque_Id_seq"; Type: COMMENT; Schema: public; Owner: postgres
--

COMMENT ON SEQUENCE "detalle_empaque_Id_seq" IS 'DbWrench Autogenerated Sequence.';


--
-- TOC entry 184 (class 1259 OID 16432)
-- Name: detalle_empaque; Type: TABLE; Schema: public; Owner: postgres; Tablespace: 
--

CREATE TABLE detalle_empaque (
    id integer DEFAULT nextval('"detalle_empaque_Id_seq"'::regclass) NOT NULL,
    cantidad character varying(15) NOT NULL,
    insumo_id integer,
    empaque_id integer,
    fecha character varying(15)
);


ALTER TABLE detalle_empaque OWNER TO postgres;

--
-- TOC entry 185 (class 1259 OID 16436)
-- Name: detalle_entrada_Id_seq; Type: SEQUENCE; Schema: public; Owner: postgres
--

CREATE SEQUENCE "detalle_entrada_Id_seq"
    START WITH 1
    INCREMENT BY 1
    NO MINVALUE
    NO MAXVALUE
    CACHE 1;


ALTER TABLE "detalle_entrada_Id_seq" OWNER TO postgres;

--
-- TOC entry 2363 (class 0 OID 0)
-- Dependencies: 185
-- Name: SEQUENCE "detalle_entrada_Id_seq"; Type: COMMENT; Schema: public; Owner: postgres
--

COMMENT ON SEQUENCE "detalle_entrada_Id_seq" IS 'DbWrench Autogenerated Sequence.';


--
-- TOC entry 186 (class 1259 OID 16438)
-- Name: detalle_entrada; Type: TABLE; Schema: public; Owner: postgres; Tablespace: 
--

CREATE TABLE detalle_entrada (
    id integer DEFAULT nextval('"detalle_entrada_Id_seq"'::regclass) NOT NULL,
    cantidad character varying(20) NOT NULL,
    valor character varying(15) NOT NULL,
    fecha_fabricacion character varying(30) NOT NULL,
    fecha_vencimiento character varying(30) NOT NULL,
    id_doc character varying(11),
    entrada_bodega_id integer,
    insumo_id integer
);


ALTER TABLE detalle_entrada OWNER TO postgres;

--
-- TOC entry 187 (class 1259 OID 16442)
-- Name: detalle_ingreso_Id_seq; Type: SEQUENCE; Schema: public; Owner: postgres
--

CREATE SEQUENCE "detalle_ingreso_Id_seq"
    START WITH 1
    INCREMENT BY 1
    NO MINVALUE
    NO MAXVALUE
    CACHE 1;


ALTER TABLE "detalle_ingreso_Id_seq" OWNER TO postgres;

--
-- TOC entry 2364 (class 0 OID 0)
-- Dependencies: 187
-- Name: SEQUENCE "detalle_ingreso_Id_seq"; Type: COMMENT; Schema: public; Owner: postgres
--

COMMENT ON SEQUENCE "detalle_ingreso_Id_seq" IS 'DbWrench Autogenerated Sequence.';


--
-- TOC entry 188 (class 1259 OID 16444)
-- Name: detalle_ingreso; Type: TABLE; Schema: public; Owner: postgres; Tablespace: 
--

CREATE TABLE detalle_ingreso (
    id integer DEFAULT nextval('"detalle_ingreso_Id_seq"'::regclass) NOT NULL,
    cantidad character varying(20) NOT NULL,
    "procedencia_caña" character varying(30) NOT NULL,
    "peso_caña" character varying(20) NOT NULL,
    num_vagon character varying(20) NOT NULL,
    "ingreso_caña_id" integer,
    insumo_id integer
);


ALTER TABLE detalle_ingreso OWNER TO postgres;

--
-- TOC entry 189 (class 1259 OID 16448)
-- Name: detalle_pago_trabajadores_Id_seq; Type: SEQUENCE; Schema: public; Owner: postgres
--

CREATE SEQUENCE "detalle_pago_trabajadores_Id_seq"
    START WITH 1
    INCREMENT BY 1
    NO MINVALUE
    NO MAXVALUE
    CACHE 1;


ALTER TABLE "detalle_pago_trabajadores_Id_seq" OWNER TO postgres;

--
-- TOC entry 2365 (class 0 OID 0)
-- Dependencies: 189
-- Name: SEQUENCE "detalle_pago_trabajadores_Id_seq"; Type: COMMENT; Schema: public; Owner: postgres
--

COMMENT ON SEQUENCE "detalle_pago_trabajadores_Id_seq" IS 'DbWrench Autogenerated Sequence.';


--
-- TOC entry 190 (class 1259 OID 16450)
-- Name: detalle_pago_trabajadores; Type: TABLE; Schema: public; Owner: postgres; Tablespace: 
--

CREATE TABLE detalle_pago_trabajadores (
    id integer DEFAULT nextval('"detalle_pago_trabajadores_Id_seq"'::regclass) NOT NULL,
    valor character varying(15) NOT NULL,
    pago_trabajores_id integer,
    empleado_id integer,
    tipo_pago_id integer
);


ALTER TABLE detalle_pago_trabajadores OWNER TO postgres;

--
-- TOC entry 191 (class 1259 OID 16454)
-- Name: detalle_solicitud_Id_seq; Type: SEQUENCE; Schema: public; Owner: postgres
--

CREATE SEQUENCE "detalle_solicitud_Id_seq"
    START WITH 1
    INCREMENT BY 1
    NO MINVALUE
    NO MAXVALUE
    CACHE 1;


ALTER TABLE "detalle_solicitud_Id_seq" OWNER TO postgres;

--
-- TOC entry 2366 (class 0 OID 0)
-- Dependencies: 191
-- Name: SEQUENCE "detalle_solicitud_Id_seq"; Type: COMMENT; Schema: public; Owner: postgres
--

COMMENT ON SEQUENCE "detalle_solicitud_Id_seq" IS 'DbWrench Autogenerated Sequence.';


--
-- TOC entry 192 (class 1259 OID 16456)
-- Name: detalle_solicitud; Type: TABLE; Schema: public; Owner: postgres; Tablespace: 
--

CREATE TABLE detalle_solicitud (
    id integer DEFAULT nextval('"detalle_solicitud_Id_seq"'::regclass) NOT NULL,
    cantidad character varying(40) NOT NULL,
    fecha_fabricacion character varying(30) NOT NULL,
    fecha_vencimiento character varying(30) NOT NULL,
    insumo_id integer,
    solicitud_insumos_id integer
);


ALTER TABLE detalle_solicitud OWNER TO postgres;

--
-- TOC entry 193 (class 1259 OID 16460)
-- Name: empaque_Id_seq; Type: SEQUENCE; Schema: public; Owner: postgres
--

CREATE SEQUENCE "empaque_Id_seq"
    START WITH 1
    INCREMENT BY 1
    NO MINVALUE
    NO MAXVALUE
    CACHE 1;


ALTER TABLE "empaque_Id_seq" OWNER TO postgres;

--
-- TOC entry 2367 (class 0 OID 0)
-- Dependencies: 193
-- Name: SEQUENCE "empaque_Id_seq"; Type: COMMENT; Schema: public; Owner: postgres
--

COMMENT ON SEQUENCE "empaque_Id_seq" IS 'DbWrench Autogenerated Sequence.';


--
-- TOC entry 194 (class 1259 OID 16462)
-- Name: empaque; Type: TABLE; Schema: public; Owner: postgres; Tablespace: 
--

CREATE TABLE empaque (
    id integer DEFAULT nextval('"empaque_Id_seq"'::regclass) NOT NULL,
    fecha character varying(30) NOT NULL,
    empleado_id integer,
    tipo_empaque_id integer
);


ALTER TABLE empaque OWNER TO postgres;

--
-- TOC entry 195 (class 1259 OID 16466)
-- Name: empleado_Id_seq; Type: SEQUENCE; Schema: public; Owner: postgres
--

CREATE SEQUENCE "empleado_Id_seq"
    START WITH 1
    INCREMENT BY 1
    NO MINVALUE
    NO MAXVALUE
    CACHE 1;


ALTER TABLE "empleado_Id_seq" OWNER TO postgres;

--
-- TOC entry 2368 (class 0 OID 0)
-- Dependencies: 195
-- Name: SEQUENCE "empleado_Id_seq"; Type: COMMENT; Schema: public; Owner: postgres
--

COMMENT ON SEQUENCE "empleado_Id_seq" IS 'DbWrench Autogenerated Sequence.';


--
-- TOC entry 196 (class 1259 OID 16468)
-- Name: empleado; Type: TABLE; Schema: public; Owner: postgres; Tablespace: 
--

CREATE TABLE empleado (
    id integer DEFAULT nextval('"empleado_Id_seq"'::regclass) NOT NULL,
    nom_empleado character varying(50) NOT NULL,
    apell_empleado character varying(50) NOT NULL,
    direccion character varying(30) NOT NULL,
    tipo_id_id integer,
    credencial_id bigint,
    correo character varying(40),
    telefono bigint,
    numero_identificacion bigint
);


ALTER TABLE empleado OWNER TO postgres;

--
-- TOC entry 197 (class 1259 OID 16472)
-- Name: empresa_Id_seq; Type: SEQUENCE; Schema: public; Owner: postgres
--

CREATE SEQUENCE "empresa_Id_seq"
    START WITH 1
    INCREMENT BY 1
    NO MINVALUE
    NO MAXVALUE
    CACHE 1;


ALTER TABLE "empresa_Id_seq" OWNER TO postgres;

--
-- TOC entry 2369 (class 0 OID 0)
-- Dependencies: 197
-- Name: SEQUENCE "empresa_Id_seq"; Type: COMMENT; Schema: public; Owner: postgres
--

COMMENT ON SEQUENCE "empresa_Id_seq" IS 'DbWrench Autogenerated Sequence.';


--
-- TOC entry 198 (class 1259 OID 16474)
-- Name: empresa; Type: TABLE; Schema: public; Owner: postgres; Tablespace: 
--

CREATE TABLE empresa (
    id integer DEFAULT nextval('"empresa_Id_seq"'::regclass) NOT NULL,
    nit character varying(20) NOT NULL,
    nom_empresa character varying(80) NOT NULL,
    razon_social character varying(60) NOT NULL,
    direccion character varying(50) NOT NULL,
    telefono character varying(15) NOT NULL,
    usuario_id character varying(11)
);


ALTER TABLE empresa OWNER TO postgres;

--
-- TOC entry 199 (class 1259 OID 16478)
-- Name: entrada_bodega_Id_seq; Type: SEQUENCE; Schema: public; Owner: postgres
--

CREATE SEQUENCE "entrada_bodega_Id_seq"
    START WITH 1
    INCREMENT BY 1
    NO MINVALUE
    NO MAXVALUE
    CACHE 1;


ALTER TABLE "entrada_bodega_Id_seq" OWNER TO postgres;

--
-- TOC entry 2370 (class 0 OID 0)
-- Dependencies: 199
-- Name: SEQUENCE "entrada_bodega_Id_seq"; Type: COMMENT; Schema: public; Owner: postgres
--

COMMENT ON SEQUENCE "entrada_bodega_Id_seq" IS 'DbWrench Autogenerated Sequence.';


--
-- TOC entry 200 (class 1259 OID 16480)
-- Name: entrada_bodega; Type: TABLE; Schema: public; Owner: postgres; Tablespace: 
--

CREATE TABLE entrada_bodega (
    id integer DEFAULT nextval('"entrada_bodega_Id_seq"'::regclass) NOT NULL,
    fecha character varying(30) NOT NULL,
    proveedor_id integer
);


ALTER TABLE entrada_bodega OWNER TO postgres;

--
-- TOC entry 201 (class 1259 OID 16484)
-- Name: ingreso_caña_Id_seq; Type: SEQUENCE; Schema: public; Owner: postgres
--

CREATE SEQUENCE "ingreso_caña_Id_seq"
    START WITH 1
    INCREMENT BY 1
    NO MINVALUE
    NO MAXVALUE
    CACHE 1;


ALTER TABLE "ingreso_caña_Id_seq" OWNER TO postgres;

--
-- TOC entry 2371 (class 0 OID 0)
-- Dependencies: 201
-- Name: SEQUENCE "ingreso_caña_Id_seq"; Type: COMMENT; Schema: public; Owner: postgres
--

COMMENT ON SEQUENCE "ingreso_caña_Id_seq" IS 'DbWrench Autogenerated Sequence.';


--
-- TOC entry 202 (class 1259 OID 16486)
-- Name: ingreso_caña; Type: TABLE; Schema: public; Owner: postgres; Tablespace: 
--

CREATE TABLE "ingreso_caña" (
    id integer DEFAULT nextval('"ingreso_caña_Id_seq"'::regclass) NOT NULL,
    fecha character varying(30) NOT NULL,
    empleado_id integer,
    proveedor_id integer
);


ALTER TABLE "ingreso_caña" OWNER TO postgres;

--
-- TOC entry 203 (class 1259 OID 16490)
-- Name: insumo_Id_seq; Type: SEQUENCE; Schema: public; Owner: postgres
--

CREATE SEQUENCE "insumo_Id_seq"
    START WITH 1
    INCREMENT BY 1
    NO MINVALUE
    NO MAXVALUE
    CACHE 1;


ALTER TABLE "insumo_Id_seq" OWNER TO postgres;

--
-- TOC entry 2372 (class 0 OID 0)
-- Dependencies: 203
-- Name: SEQUENCE "insumo_Id_seq"; Type: COMMENT; Schema: public; Owner: postgres
--

COMMENT ON SEQUENCE "insumo_Id_seq" IS 'DbWrench Autogenerated Sequence.';


--
-- TOC entry 204 (class 1259 OID 16492)
-- Name: insumo; Type: TABLE; Schema: public; Owner: postgres; Tablespace: 
--

CREATE TABLE insumo (
    id integer DEFAULT nextval('"insumo_Id_seq"'::regclass) NOT NULL,
    desc_insumo character varying(30) NOT NULL,
    precio character varying(30) NOT NULL,
    tipo_insumo_id integer
);


ALTER TABLE insumo OWNER TO postgres;

--
-- TOC entry 205 (class 1259 OID 16496)
-- Name: inventario_Id_seq; Type: SEQUENCE; Schema: public; Owner: postgres
--

CREATE SEQUENCE "inventario_Id_seq"
    START WITH 1
    INCREMENT BY 1
    NO MINVALUE
    NO MAXVALUE
    CACHE 1;


ALTER TABLE "inventario_Id_seq" OWNER TO postgres;

--
-- TOC entry 2373 (class 0 OID 0)
-- Dependencies: 205
-- Name: SEQUENCE "inventario_Id_seq"; Type: COMMENT; Schema: public; Owner: postgres
--

COMMENT ON SEQUENCE "inventario_Id_seq" IS 'DbWrench Autogenerated Sequence.';


--
-- TOC entry 206 (class 1259 OID 16498)
-- Name: inventario; Type: TABLE; Schema: public; Owner: postgres; Tablespace: 
--

CREATE TABLE inventario (
    id integer DEFAULT nextval('"inventario_Id_seq"'::regclass) NOT NULL,
    cantidad character varying(20) NOT NULL,
    saldo character varying(20) NOT NULL,
    tipo_doc_id integer,
    insumo_id integer
);


ALTER TABLE inventario OWNER TO postgres;

--
-- TOC entry 207 (class 1259 OID 16502)
-- Name: pago_trabajores_Id_seq; Type: SEQUENCE; Schema: public; Owner: postgres
--

CREATE SEQUENCE "pago_trabajores_Id_seq"
    START WITH 1
    INCREMENT BY 1
    NO MINVALUE
    NO MAXVALUE
    CACHE 1;


ALTER TABLE "pago_trabajores_Id_seq" OWNER TO postgres;

--
-- TOC entry 2374 (class 0 OID 0)
-- Dependencies: 207
-- Name: SEQUENCE "pago_trabajores_Id_seq"; Type: COMMENT; Schema: public; Owner: postgres
--

COMMENT ON SEQUENCE "pago_trabajores_Id_seq" IS 'DbWrench Autogenerated Sequence.';


--
-- TOC entry 208 (class 1259 OID 16504)
-- Name: pago_trabajores; Type: TABLE; Schema: public; Owner: postgres; Tablespace: 
--

CREATE TABLE pago_trabajores (
    id integer DEFAULT nextval('"pago_trabajores_Id_seq"'::regclass) NOT NULL,
    fecha character varying(30) NOT NULL,
    periodo_inicio character varying(30) NOT NULL,
    periodo_fin character varying(30) NOT NULL,
    empresa_id integer
);


ALTER TABLE pago_trabajores OWNER TO postgres;

--
-- TOC entry 209 (class 1259 OID 16508)
-- Name: proveedor_Id_seq; Type: SEQUENCE; Schema: public; Owner: postgres
--

CREATE SEQUENCE "proveedor_Id_seq"
    START WITH 1
    INCREMENT BY 1
    NO MINVALUE
    NO MAXVALUE
    CACHE 1;


ALTER TABLE "proveedor_Id_seq" OWNER TO postgres;

--
-- TOC entry 2375 (class 0 OID 0)
-- Dependencies: 209
-- Name: SEQUENCE "proveedor_Id_seq"; Type: COMMENT; Schema: public; Owner: postgres
--

COMMENT ON SEQUENCE "proveedor_Id_seq" IS 'DbWrench Autogenerated Sequence.';


--
-- TOC entry 210 (class 1259 OID 16510)
-- Name: proveedor; Type: TABLE; Schema: public; Owner: postgres; Tablespace: 
--

CREATE TABLE proveedor (
    id integer DEFAULT nextval('"proveedor_Id_seq"'::regclass) NOT NULL,
    razon_social character varying(30) NOT NULL,
    direccion character varying(30) NOT NULL,
    telefono character varying(15) NOT NULL,
    ciudad_id integer
);


ALTER TABLE proveedor OWNER TO postgres;

--
-- TOC entry 211 (class 1259 OID 16514)
-- Name: recordar_me_id_seq; Type: SEQUENCE; Schema: public; Owner: postgres
--

CREATE SEQUENCE recordar_me_id_seq
    START WITH 1
    INCREMENT BY 1
    NO MINVALUE
    NO MAXVALUE
    CACHE 1;


ALTER TABLE recordar_me_id_seq OWNER TO postgres;

--
-- TOC entry 2376 (class 0 OID 0)
-- Dependencies: 211
-- Name: SEQUENCE recordar_me_id_seq; Type: COMMENT; Schema: public; Owner: postgres
--

COMMENT ON SEQUENCE recordar_me_id_seq IS 'DbWrench Autogenerated Sequence.';


--
-- TOC entry 212 (class 1259 OID 16516)
-- Name: recordar_me; Type: TABLE; Schema: public; Owner: postgres; Tablespace: 
--

CREATE TABLE recordar_me (
    id bigint DEFAULT nextval('recordar_me_id_seq'::regclass) NOT NULL,
    usuario_id bigint NOT NULL,
    ip_address character varying(50) NOT NULL,
    hash_cookie character varying(32) NOT NULL,
    created_at timestamp without time zone DEFAULT now() NOT NULL
);


ALTER TABLE recordar_me OWNER TO postgres;

--
-- TOC entry 213 (class 1259 OID 16521)
-- Name: solicitud_insumos_Id_seq; Type: SEQUENCE; Schema: public; Owner: postgres
--

CREATE SEQUENCE "solicitud_insumos_Id_seq"
    START WITH 1
    INCREMENT BY 1
    NO MINVALUE
    NO MAXVALUE
    CACHE 1;


ALTER TABLE "solicitud_insumos_Id_seq" OWNER TO postgres;

--
-- TOC entry 2377 (class 0 OID 0)
-- Dependencies: 213
-- Name: SEQUENCE "solicitud_insumos_Id_seq"; Type: COMMENT; Schema: public; Owner: postgres
--

COMMENT ON SEQUENCE "solicitud_insumos_Id_seq" IS 'DbWrench Autogenerated Sequence.';


--
-- TOC entry 214 (class 1259 OID 16523)
-- Name: solicitud_insumos; Type: TABLE; Schema: public; Owner: postgres; Tablespace: 
--

CREATE TABLE solicitud_insumos (
    id integer DEFAULT nextval('"solicitud_insumos_Id_seq"'::regclass) NOT NULL,
    fecha character varying(30) NOT NULL,
    proveedor_id integer,
    empleado_id integer
);


ALTER TABLE solicitud_insumos OWNER TO postgres;

--
-- TOC entry 215 (class 1259 OID 16527)
-- Name: tipo_doc_Id_seq; Type: SEQUENCE; Schema: public; Owner: postgres
--

CREATE SEQUENCE "tipo_doc_Id_seq"
    START WITH 1
    INCREMENT BY 1
    NO MINVALUE
    NO MAXVALUE
    CACHE 1;


ALTER TABLE "tipo_doc_Id_seq" OWNER TO postgres;

--
-- TOC entry 2378 (class 0 OID 0)
-- Dependencies: 215
-- Name: SEQUENCE "tipo_doc_Id_seq"; Type: COMMENT; Schema: public; Owner: postgres
--

COMMENT ON SEQUENCE "tipo_doc_Id_seq" IS 'DbWrench Autogenerated Sequence.';


--
-- TOC entry 216 (class 1259 OID 16529)
-- Name: tipo_doc; Type: TABLE; Schema: public; Owner: postgres; Tablespace: 
--

CREATE TABLE tipo_doc (
    id integer DEFAULT nextval('"tipo_doc_Id_seq"'::regclass) NOT NULL,
    desc_tipo_doc character varying(30) NOT NULL
);


ALTER TABLE tipo_doc OWNER TO postgres;

--
-- TOC entry 217 (class 1259 OID 16533)
-- Name: tipo_empaque_Id_seq; Type: SEQUENCE; Schema: public; Owner: postgres
--

CREATE SEQUENCE "tipo_empaque_Id_seq"
    START WITH 1
    INCREMENT BY 1
    NO MINVALUE
    NO MAXVALUE
    CACHE 1;


ALTER TABLE "tipo_empaque_Id_seq" OWNER TO postgres;

--
-- TOC entry 2379 (class 0 OID 0)
-- Dependencies: 217
-- Name: SEQUENCE "tipo_empaque_Id_seq"; Type: COMMENT; Schema: public; Owner: postgres
--

COMMENT ON SEQUENCE "tipo_empaque_Id_seq" IS 'DbWrench Autogenerated Sequence.';


--
-- TOC entry 218 (class 1259 OID 16535)
-- Name: tipo_empaque; Type: TABLE; Schema: public; Owner: postgres; Tablespace: 
--

CREATE TABLE tipo_empaque (
    id integer DEFAULT nextval('"tipo_empaque_Id_seq"'::regclass) NOT NULL,
    desc_tipo_empaque character varying(40)
);


ALTER TABLE tipo_empaque OWNER TO postgres;

--
-- TOC entry 219 (class 1259 OID 16539)
-- Name: tipo_id_Id_seq; Type: SEQUENCE; Schema: public; Owner: postgres
--

CREATE SEQUENCE "tipo_id_Id_seq"
    START WITH 1
    INCREMENT BY 1
    NO MINVALUE
    NO MAXVALUE
    CACHE 1;


ALTER TABLE "tipo_id_Id_seq" OWNER TO postgres;

--
-- TOC entry 2380 (class 0 OID 0)
-- Dependencies: 219
-- Name: SEQUENCE "tipo_id_Id_seq"; Type: COMMENT; Schema: public; Owner: postgres
--

COMMENT ON SEQUENCE "tipo_id_Id_seq" IS 'DbWrench Autogenerated Sequence.';


--
-- TOC entry 220 (class 1259 OID 16541)
-- Name: tipo_id; Type: TABLE; Schema: public; Owner: postgres; Tablespace: 
--

CREATE TABLE tipo_id (
    id integer DEFAULT nextval('"tipo_id_Id_seq"'::regclass) NOT NULL,
    desc_tipo_id character varying(50) NOT NULL
);


ALTER TABLE tipo_id OWNER TO postgres;

--
-- TOC entry 221 (class 1259 OID 16545)
-- Name: tipo_insumo_Id_seq; Type: SEQUENCE; Schema: public; Owner: postgres
--

CREATE SEQUENCE "tipo_insumo_Id_seq"
    START WITH 1
    INCREMENT BY 1
    NO MINVALUE
    NO MAXVALUE
    CACHE 1;


ALTER TABLE "tipo_insumo_Id_seq" OWNER TO postgres;

--
-- TOC entry 2381 (class 0 OID 0)
-- Dependencies: 221
-- Name: SEQUENCE "tipo_insumo_Id_seq"; Type: COMMENT; Schema: public; Owner: postgres
--

COMMENT ON SEQUENCE "tipo_insumo_Id_seq" IS 'DbWrench Autogenerated Sequence.';


--
-- TOC entry 222 (class 1259 OID 16547)
-- Name: tipo_insumo; Type: TABLE; Schema: public; Owner: postgres; Tablespace: 
--

CREATE TABLE tipo_insumo (
    id integer DEFAULT nextval('"tipo_insumo_Id_seq"'::regclass) NOT NULL,
    desc_tipo_insumo character varying(80) NOT NULL
);


ALTER TABLE tipo_insumo OWNER TO postgres;

--
-- TOC entry 223 (class 1259 OID 16551)
-- Name: tipo_pago_Id_seq; Type: SEQUENCE; Schema: public; Owner: postgres
--

CREATE SEQUENCE "tipo_pago_Id_seq"
    START WITH 1
    INCREMENT BY 1
    NO MINVALUE
    NO MAXVALUE
    CACHE 1;


ALTER TABLE "tipo_pago_Id_seq" OWNER TO postgres;

--
-- TOC entry 2382 (class 0 OID 0)
-- Dependencies: 223
-- Name: SEQUENCE "tipo_pago_Id_seq"; Type: COMMENT; Schema: public; Owner: postgres
--

COMMENT ON SEQUENCE "tipo_pago_Id_seq" IS 'DbWrench Autogenerated Sequence.';


--
-- TOC entry 224 (class 1259 OID 16553)
-- Name: tipo_pago; Type: TABLE; Schema: public; Owner: postgres; Tablespace: 
--

CREATE TABLE tipo_pago (
    id integer DEFAULT nextval('"tipo_pago_Id_seq"'::regclass) NOT NULL,
    desc_tipo_pago character varying(40) NOT NULL
);


ALTER TABLE tipo_pago OWNER TO postgres;

--
-- TOC entry 225 (class 1259 OID 16557)
-- Name: usuario_id_seq; Type: SEQUENCE; Schema: public; Owner: postgres
--

CREATE SEQUENCE usuario_id_seq
    START WITH 1
    INCREMENT BY 1
    NO MINVALUE
    NO MAXVALUE
    CACHE 1;


ALTER TABLE usuario_id_seq OWNER TO postgres;

--
-- TOC entry 2383 (class 0 OID 0)
-- Dependencies: 225
-- Name: SEQUENCE usuario_id_seq; Type: COMMENT; Schema: public; Owner: postgres
--

COMMENT ON SEQUENCE usuario_id_seq IS 'DbWrench Autogenerated Sequence.';


--
-- TOC entry 226 (class 1259 OID 16559)
-- Name: usuario; Type: TABLE; Schema: public; Owner: postgres; Tablespace: 
--

CREATE TABLE usuario (
    id bigint DEFAULT nextval('usuario_id_seq'::regclass) NOT NULL,
    user_name character varying(80) NOT NULL,
    password character varying(32) NOT NULL,
    actived boolean DEFAULT true NOT NULL,
    last_login_at timestamp without time zone,
    created_at timestamp without time zone DEFAULT now() NOT NULL,
    updated_at timestamp without time zone DEFAULT now() NOT NULL,
    deleted_at timestamp without time zone
);


ALTER TABLE usuario OWNER TO postgres;

--
-- TOC entry 2384 (class 0 OID 0)
-- Dependencies: 226
-- Name: COLUMN usuario.actived; Type: COMMENT; Schema: public; Owner: postgres
--

COMMENT ON COLUMN usuario.actived IS 'TRUE = activado | FALSE = desactivado';


--
-- TOC entry 227 (class 1259 OID 16566)
-- Name: usuario_Id_seq; Type: SEQUENCE; Schema: public; Owner: postgres
--

CREATE SEQUENCE "usuario_Id_seq"
    START WITH 1
    INCREMENT BY 1
    NO MINVALUE
    NO MAXVALUE
    CACHE 1;


ALTER TABLE "usuario_Id_seq" OWNER TO postgres;

--
-- TOC entry 2385 (class 0 OID 0)
-- Dependencies: 227
-- Name: SEQUENCE "usuario_Id_seq"; Type: COMMENT; Schema: public; Owner: postgres
--

COMMENT ON SEQUENCE "usuario_Id_seq" IS 'DbWrench Autogenerated Sequence.';


--
-- TOC entry 228 (class 1259 OID 16568)
-- Name: usuario_credencial_id_seq; Type: SEQUENCE; Schema: public; Owner: postgres
--

CREATE SEQUENCE usuario_credencial_id_seq
    START WITH 1
    INCREMENT BY 1
    NO MINVALUE
    NO MAXVALUE
    CACHE 1;


ALTER TABLE usuario_credencial_id_seq OWNER TO postgres;

--
-- TOC entry 2386 (class 0 OID 0)
-- Dependencies: 228
-- Name: SEQUENCE usuario_credencial_id_seq; Type: COMMENT; Schema: public; Owner: postgres
--

COMMENT ON SEQUENCE usuario_credencial_id_seq IS 'DbWrench Autogenerated Sequence.';


--
-- TOC entry 229 (class 1259 OID 16570)
-- Name: usuario_credencial; Type: TABLE; Schema: public; Owner: postgres; Tablespace: 
--

CREATE TABLE usuario_credencial (
    id bigint DEFAULT nextval('usuario_credencial_id_seq'::regclass) NOT NULL,
    usuario_id bigint NOT NULL,
    credencial_id bigint NOT NULL,
    created_at timestamp without time zone DEFAULT now() NOT NULL
);


ALTER TABLE usuario_credencial OWNER TO postgres;

--
-- TOC entry 230 (class 1259 OID 16575)
-- Name: usuario_credencial_Id_seq; Type: SEQUENCE; Schema: public; Owner: postgres
--

CREATE SEQUENCE "usuario_credencial_Id_seq"
    START WITH 1
    INCREMENT BY 1
    NO MINVALUE
    NO MAXVALUE
    CACHE 1;


ALTER TABLE "usuario_credencial_Id_seq" OWNER TO postgres;

--
-- TOC entry 2387 (class 0 OID 0)
-- Dependencies: 230
-- Name: SEQUENCE "usuario_credencial_Id_seq"; Type: COMMENT; Schema: public; Owner: postgres
--

COMMENT ON SEQUENCE "usuario_credencial_Id_seq" IS 'DbWrench Autogenerated Sequence.';


--
-- TOC entry 2289 (class 0 OID 16396)
-- Dependencies: 173
-- Data for Name: bitacora; Type: TABLE DATA; Schema: public; Owner: postgres
--

COPY bitacora (id, usuario_id, accion, tabla, registro, observacion, fecha) FROM stdin;
1	1	identificación	NINGUNA	\N	\N	2015-02-06 13:59:54
2	1	identificación	NINGUNA	\N	\N	2015-02-24 15:14:49
3	1	identificación	NINGUNA	\N	\N	2015-03-01 00:51:25
4	1	identificación	NINGUNA	\N	\N	2015-03-07 04:25:09
5	1	identificación	NINGUNA	\N	\N	2015-03-07 04:52:39
6	1	identificación	NINGUNA	\N	\N	2015-03-07 04:54:45
7	1	identificación	NINGUNA	\N	\N	2015-03-07 05:11:45
8	1	identificación	NINGUNA	\N	\N	2015-03-07 05:37:14
9	1	identificación	NINGUNA	\N	\N	2015-03-07 05:54:24
10	1	identificación	NINGUNA	\N	\N	2015-03-07 05:59:04
11	1	identificación	NINGUNA	\N	\N	2015-03-07 06:23:06
12	1	identificación	NINGUNA	\N	\N	2015-03-07 06:28:31
13	1	identificación	NINGUNA	\N	\N	2015-03-07 16:52:15
14	1	identificación	NINGUNA	\N	\N	2015-03-07 16:53:46
15	1	identificación	NINGUNA	\N	\N	2015-03-07 16:54:50
16	1	identificación	NINGUNA	\N	\N	2015-03-07 17:11:33
17	1	identificación	NINGUNA	\N	\N	2015-03-07 18:38:15
18	1	identificación	NINGUNA	\N	\N	2015-03-07 18:45:11
19	1	identificación	NINGUNA	\N	\N	2015-03-07 18:47:39
20	1	identificación	NINGUNA	\N	\N	2015-03-07 18:52:58
21	1	identificación	NINGUNA	\N	\N	2015-03-07 18:54:18
22	1	identificación	NINGUNA	\N	\N	2015-03-07 19:23:01
23	1	identificación	NINGUNA	\N	\N	2015-03-07 19:26:57
24	1	identificación	NINGUNA	\N	\N	2015-03-07 20:04:01
25	1	identificación	NINGUNA	\N	\N	2015-03-07 21:53:45
26	1	identificación	NINGUNA	\N	\N	2015-03-07 21:58:17
27	1	identificación	NINGUNA	\N	\N	2015-03-07 22:02:00
28	1	identificación	NINGUNA	\N	\N	2015-03-07 22:02:28
29	1	identificación	NINGUNA	\N	\N	2015-03-07 22:06:50
30	1	identificación	NINGUNA	\N	\N	2015-03-07 22:08:48
31	1	identificación	NINGUNA	\N	\N	2015-03-13 16:33:12
32	1	identificación	NINGUNA	\N	\N	2015-03-14 20:49:23
33	1	identificación	NINGUNA	\N	\N	2015-03-17 15:15:51
34	1	identificación	NINGUNA	\N	\N	2015-03-17 15:16:58
35	1	identificación	NINGUNA	\N	\N	2015-03-17 15:19:55
36	1	identificación	NINGUNA	\N	\N	2015-03-17 23:28:03
37	1	identificación	NINGUNA	\N	\N	2015-03-18 02:29:45
38	1	identificación	NINGUNA	\N	\N	2015-03-18 13:20:35
39	1	identificación	NINGUNA	\N	\N	2015-03-19 00:25:02
40	1	identificación	NINGUNA	\N	\N	2015-03-19 00:58:20
41	1	identificación	NINGUNA	\N	\N	2015-03-19 01:20:31
42	1	salida del sistema	NINGUNA	\N	\N	2015-03-19 01:20:42
43	1	identificación	NINGUNA	\N	\N	2015-03-19 01:24:35
44	1	salida del sistema	NINGUNA	\N	\N	2015-03-19 01:24:41
45	1	identificación	NINGUNA	\N	\N	2015-03-19 01:26:04
46	1	salida del sistema	NINGUNA	\N	\N	2015-03-19 01:26:10
47	1	identificación	NINGUNA	\N	\N	2015-03-19 01:41:23
48	1	identificación	NINGUNA	\N	\N	2015-03-19 05:12:56
49	1	identificación	NINGUNA	\N	\N	2015-03-19 18:14:11
50	1	identificación	NINGUNA	\N	\N	2015-03-19 20:16:49
51	1	identificación	NINGUNA	\N	\N	2015-03-19 21:13:11
52	1	identificación	NINGUNA	\N	\N	2015-03-19 21:13:17
53	1	identificación	NINGUNA	\N	\N	2015-03-19 21:13:20
54	1	identificación	NINGUNA	\N	\N	2015-03-19 21:13:23
55	1	identificación	NINGUNA	\N	\N	2015-03-19 21:13:25
56	1	identificación	NINGUNA	\N	\N	2015-03-19 21:13:28
57	1	identificación	NINGUNA	\N	\N	2015-03-19 21:13:33
58	1	identificación	NINGUNA	\N	\N	2015-03-19 21:13:36
59	1	salida del sistema	NINGUNA	\N	\N	2015-03-19 21:13:59
60	1	identificación	NINGUNA	\N	\N	2015-03-19 21:14:10
61	1	identificación	NINGUNA	\N	\N	2015-03-19 21:20:02
62	1	identificación	NINGUNA	\N	\N	2015-03-21 05:43:14
63	1	identificación	NINGUNA	\N	\N	2015-03-21 06:03:12
64	1	identificación	NINGUNA	\N	\N	2015-03-23 06:00:42
65	1	identificación	NINGUNA	\N	\N	2015-03-23 06:09:44
66	1	identificación	NINGUNA	\N	\N	2015-03-23 17:03:34
67	1	identificación	NINGUNA	\N	\N	2015-03-23 17:03:35
68	1	identificación	NINGUNA	\N	\N	2015-03-24 05:21:07
69	1	identificación	NINGUNA	\N	\N	2015-03-24 05:43:12
70	1	identificación	NINGUNA	\N	\N	2015-03-24 05:54:00
71	1	identificación	NINGUNA	\N	\N	2015-03-24 05:58:38
72	1	salida del sistema	NINGUNA	\N	\N	2015-03-24 05:59:23
73	1	identificación	NINGUNA	\N	\N	2015-03-24 06:01:17
74	1	salida del sistema	NINGUNA	\N	\N	2015-03-24 06:01:45
75	7	identificación	NINGUNA	\N	\N	2015-03-24 06:01:54
76	7	salida del sistema	NINGUNA	\N	\N	2015-03-24 06:02:56
77	1	identificación	NINGUNA	\N	\N	2015-03-24 06:03:02
78	1	identificación	NINGUNA	\N	\N	2015-03-26 02:08:27
79	1	identificación	NINGUNA	\N	\N	2015-03-26 02:09:10
80	1	identificación	NINGUNA	\N	\N	2015-03-26 02:10:08
81	1	identificación	NINGUNA	\N	\N	2015-03-26 02:12:32
82	1	identificación	NINGUNA	\N	\N	2015-03-26 02:13:52
83	1	salida del sistema	NINGUNA	\N	\N	2015-03-26 02:27:19
84	1	identificación	NINGUNA	\N	\N	2015-03-26 02:27:24
85	1	identificación	NINGUNA	\N	\N	2015-03-26 04:56:38
86	1	identificación	NINGUNA	\N	\N	2015-03-26 05:48:39
87	1	identificación	NINGUNA	\N	\N	2015-03-26 07:07:50
88	1	identificación	NINGUNA	\N	\N	2015-03-26 19:02:15
89	1	salida del sistema	NINGUNA	\N	\N	2015-03-26 19:03:14
90	1	identificación	NINGUNA	\N	\N	2015-03-26 19:03:19
91	1	salida del sistema	NINGUNA	\N	\N	2015-03-26 19:03:44
92	1	identificación	NINGUNA	\N	\N	2015-03-26 19:03:52
93	1	identificación	NINGUNA	\N	\N	2015-03-26 19:36:08
94	1	identificación	NINGUNA	\N	\N	2015-03-26 20:44:43
95	1	identificación	NINGUNA	\N	\N	2015-04-17 22:39:29
96	1	identificación	NINGUNA	\N	\N	2015-04-17 22:42:30
\.


--
-- TOC entry 2388 (class 0 OID 0)
-- Dependencies: 174
-- Name: bitacora_Id_seq; Type: SEQUENCE SET; Schema: public; Owner: postgres
--

SELECT pg_catalog.setval('"bitacora_Id_seq"', 1, false);


--
-- TOC entry 2389 (class 0 OID 0)
-- Dependencies: 172
-- Name: bitacora_id_seq; Type: SEQUENCE SET; Schema: public; Owner: postgres
--

SELECT pg_catalog.setval('bitacora_id_seq', 96, true);


--
-- TOC entry 2292 (class 0 OID 16408)
-- Dependencies: 176
-- Data for Name: ciudad; Type: TABLE DATA; Schema: public; Owner: postgres
--

COPY ciudad (id, nom_ciudad) FROM stdin;
1	Pradera
2	Cali
6	Palmira
\.


--
-- TOC entry 2390 (class 0 OID 0)
-- Dependencies: 175
-- Name: ciudad_Id_seq; Type: SEQUENCE SET; Schema: public; Owner: postgres
--

SELECT pg_catalog.setval('"ciudad_Id_seq"', 6, true);


--
-- TOC entry 2294 (class 0 OID 16414)
-- Dependencies: 178
-- Data for Name: control_calidad; Type: TABLE DATA; Schema: public; Owner: postgres
--

COPY control_calidad (id, empleado_id, proveedor_id, turno, brix, ph, ar, sacarosa, pureza, fecha) FROM stdin;
8	1	1	Dia	23	34	23	23	12	2015-03-04 00:00:00
9	3	1	Dia	12	12	12	12	12	2015-03-03 00:00:00
10	3	1	Noche	12	12	12	12	12	2015-03-11 00:00:00
14	5	1	1	1	1	1	1	21	2015-03-05 00:00:00
15	5	1	1	1	1	1	1	1	2015-02-26 00:00:00
\.


--
-- TOC entry 2391 (class 0 OID 0)
-- Dependencies: 177
-- Name: control_calidad_Id_seq; Type: SEQUENCE SET; Schema: public; Owner: postgres
--

SELECT pg_catalog.setval('"control_calidad_Id_seq"', 16, true);


--
-- TOC entry 2296 (class 0 OID 16420)
-- Dependencies: 180
-- Data for Name: credencial; Type: TABLE DATA; Schema: public; Owner: postgres
--

COPY credencial (id, nombre, created_at, updated_at, deleted_at) FROM stdin;
1	admin	2015-02-05 21:56:24.133	2015-02-05 21:56:24.133	\N
2	usuario	2015-02-05 21:56:24.133	2015-02-05 21:56:24.133	\N
3	trabajador	2015-03-26 00:23:41.606	2015-03-26 00:23:41.606	\N
4	trabajador	2015-03-26 00:23:50.366	2015-03-26 00:23:50.366	\N
\.


--
-- TOC entry 2392 (class 0 OID 0)
-- Dependencies: 181
-- Name: credencial_Id_seq; Type: SEQUENCE SET; Schema: public; Owner: postgres
--

SELECT pg_catalog.setval('"credencial_Id_seq"', 1, false);


--
-- TOC entry 2393 (class 0 OID 0)
-- Dependencies: 179
-- Name: credencial_id_seq; Type: SEQUENCE SET; Schema: public; Owner: postgres
--

SELECT pg_catalog.setval('credencial_id_seq', 4, true);


--
-- TOC entry 2394 (class 0 OID 0)
-- Dependencies: 182
-- Name: dato_usuario_Id_seq; Type: SEQUENCE SET; Schema: public; Owner: postgres
--

SELECT pg_catalog.setval('"dato_usuario_Id_seq"', 1, false);


--
-- TOC entry 2300 (class 0 OID 16432)
-- Dependencies: 184
-- Data for Name: detalle_empaque; Type: TABLE DATA; Schema: public; Owner: postgres
--

COPY detalle_empaque (id, cantidad, insumo_id, empaque_id, fecha) FROM stdin;
\.


--
-- TOC entry 2395 (class 0 OID 0)
-- Dependencies: 183
-- Name: detalle_empaque_Id_seq; Type: SEQUENCE SET; Schema: public; Owner: postgres
--

SELECT pg_catalog.setval('"detalle_empaque_Id_seq"', 1, false);


--
-- TOC entry 2302 (class 0 OID 16438)
-- Dependencies: 186
-- Data for Name: detalle_entrada; Type: TABLE DATA; Schema: public; Owner: postgres
--

COPY detalle_entrada (id, cantidad, valor, fecha_fabricacion, fecha_vencimiento, id_doc, entrada_bodega_id, insumo_id) FROM stdin;
\.


--
-- TOC entry 2396 (class 0 OID 0)
-- Dependencies: 185
-- Name: detalle_entrada_Id_seq; Type: SEQUENCE SET; Schema: public; Owner: postgres
--

SELECT pg_catalog.setval('"detalle_entrada_Id_seq"', 1, false);


--
-- TOC entry 2304 (class 0 OID 16444)
-- Dependencies: 188
-- Data for Name: detalle_ingreso; Type: TABLE DATA; Schema: public; Owner: postgres
--

COPY detalle_ingreso (id, cantidad, "procedencia_caña", "peso_caña", num_vagon, "ingreso_caña_id", insumo_id) FROM stdin;
\.


--
-- TOC entry 2397 (class 0 OID 0)
-- Dependencies: 187
-- Name: detalle_ingreso_Id_seq; Type: SEQUENCE SET; Schema: public; Owner: postgres
--

SELECT pg_catalog.setval('"detalle_ingreso_Id_seq"', 1, false);


--
-- TOC entry 2306 (class 0 OID 16450)
-- Dependencies: 190
-- Data for Name: detalle_pago_trabajadores; Type: TABLE DATA; Schema: public; Owner: postgres
--

COPY detalle_pago_trabajadores (id, valor, pago_trabajores_id, empleado_id, tipo_pago_id) FROM stdin;
\.


--
-- TOC entry 2398 (class 0 OID 0)
-- Dependencies: 189
-- Name: detalle_pago_trabajadores_Id_seq; Type: SEQUENCE SET; Schema: public; Owner: postgres
--

SELECT pg_catalog.setval('"detalle_pago_trabajadores_Id_seq"', 1, false);


--
-- TOC entry 2308 (class 0 OID 16456)
-- Dependencies: 192
-- Data for Name: detalle_solicitud; Type: TABLE DATA; Schema: public; Owner: postgres
--

COPY detalle_solicitud (id, cantidad, fecha_fabricacion, fecha_vencimiento, insumo_id, solicitud_insumos_id) FROM stdin;
\.


--
-- TOC entry 2399 (class 0 OID 0)
-- Dependencies: 191
-- Name: detalle_solicitud_Id_seq; Type: SEQUENCE SET; Schema: public; Owner: postgres
--

SELECT pg_catalog.setval('"detalle_solicitud_Id_seq"', 1, false);


--
-- TOC entry 2310 (class 0 OID 16462)
-- Dependencies: 194
-- Data for Name: empaque; Type: TABLE DATA; Schema: public; Owner: postgres
--

COPY empaque (id, fecha, empleado_id, tipo_empaque_id) FROM stdin;
2	12-ene-2014	1	4
\.


--
-- TOC entry 2400 (class 0 OID 0)
-- Dependencies: 193
-- Name: empaque_Id_seq; Type: SEQUENCE SET; Schema: public; Owner: postgres
--

SELECT pg_catalog.setval('"empaque_Id_seq"', 2, true);


--
-- TOC entry 2312 (class 0 OID 16468)
-- Dependencies: 196
-- Data for Name: empleado; Type: TABLE DATA; Schema: public; Owner: postgres
--

COPY empleado (id, nom_empleado, apell_empleado, direccion, tipo_id_id, credencial_id, correo, telefono, numero_identificacion) FROM stdin;
5	2	2	2	2	2	2	2	\N
2	2da	wdd	AAAA	1	2	ACAA	1	456
4	carlos	Barrera	CALLE 8A #19-23	2	2	carlosbarrera585@hotmail.com	3217470676	1113676122
3	carlos	Barrera		2	2	ee	123	789
1	bayron	henao	calle 6	1	1	efwer@dfsd	123	123
\.


--
-- TOC entry 2401 (class 0 OID 0)
-- Dependencies: 195
-- Name: empleado_Id_seq; Type: SEQUENCE SET; Schema: public; Owner: postgres
--

SELECT pg_catalog.setval('"empleado_Id_seq"', 5, true);


--
-- TOC entry 2314 (class 0 OID 16474)
-- Dependencies: 198
-- Data for Name: empresa; Type: TABLE DATA; Schema: public; Owner: postgres
--

COPY empresa (id, nit, nom_empresa, razon_social, direccion, telefono, usuario_id) FROM stdin;
\.


--
-- TOC entry 2402 (class 0 OID 0)
-- Dependencies: 197
-- Name: empresa_Id_seq; Type: SEQUENCE SET; Schema: public; Owner: postgres
--

SELECT pg_catalog.setval('"empresa_Id_seq"', 1, false);


--
-- TOC entry 2316 (class 0 OID 16480)
-- Dependencies: 200
-- Data for Name: entrada_bodega; Type: TABLE DATA; Schema: public; Owner: postgres
--

COPY entrada_bodega (id, fecha, proveedor_id) FROM stdin;
\.


--
-- TOC entry 2403 (class 0 OID 0)
-- Dependencies: 199
-- Name: entrada_bodega_Id_seq; Type: SEQUENCE SET; Schema: public; Owner: postgres
--

SELECT pg_catalog.setval('"entrada_bodega_Id_seq"', 1, false);


--
-- TOC entry 2318 (class 0 OID 16486)
-- Dependencies: 202
-- Data for Name: ingreso_caña; Type: TABLE DATA; Schema: public; Owner: postgres
--

COPY "ingreso_caña" (id, fecha, empleado_id, proveedor_id) FROM stdin;
\.


--
-- TOC entry 2404 (class 0 OID 0)
-- Dependencies: 201
-- Name: ingreso_caña_Id_seq; Type: SEQUENCE SET; Schema: public; Owner: postgres
--

SELECT pg_catalog.setval('"ingreso_caña_Id_seq"', 1, false);


--
-- TOC entry 2320 (class 0 OID 16492)
-- Dependencies: 204
-- Data for Name: insumo; Type: TABLE DATA; Schema: public; Owner: postgres
--

COPY insumo (id, desc_insumo, precio, tipo_insumo_id) FROM stdin;
1	cal	20000	1
\.


--
-- TOC entry 2405 (class 0 OID 0)
-- Dependencies: 203
-- Name: insumo_Id_seq; Type: SEQUENCE SET; Schema: public; Owner: postgres
--

SELECT pg_catalog.setval('"insumo_Id_seq"', 3, true);


--
-- TOC entry 2322 (class 0 OID 16498)
-- Dependencies: 206
-- Data for Name: inventario; Type: TABLE DATA; Schema: public; Owner: postgres
--

COPY inventario (id, cantidad, saldo, tipo_doc_id, insumo_id) FROM stdin;
\.


--
-- TOC entry 2406 (class 0 OID 0)
-- Dependencies: 205
-- Name: inventario_Id_seq; Type: SEQUENCE SET; Schema: public; Owner: postgres
--

SELECT pg_catalog.setval('"inventario_Id_seq"', 1, false);


--
-- TOC entry 2324 (class 0 OID 16504)
-- Dependencies: 208
-- Data for Name: pago_trabajores; Type: TABLE DATA; Schema: public; Owner: postgres
--

COPY pago_trabajores (id, fecha, periodo_inicio, periodo_fin, empresa_id) FROM stdin;
\.


--
-- TOC entry 2407 (class 0 OID 0)
-- Dependencies: 207
-- Name: pago_trabajores_Id_seq; Type: SEQUENCE SET; Schema: public; Owner: postgres
--

SELECT pg_catalog.setval('"pago_trabajores_Id_seq"', 1, false);


--
-- TOC entry 2326 (class 0 OID 16510)
-- Dependencies: 210
-- Data for Name: proveedor; Type: TABLE DATA; Schema: public; Owner: postgres
--

COPY proveedor (id, razon_social, direccion, telefono, ciudad_id) FROM stdin;
1	castilla	calle 3	123456	1
2	proveedor	dsfsdf	12312312	1
3	fgsdgds	dfsdfs	21312312	1
4	dfsdfs	dsfsdfsd	12312312	1
\.


--
-- TOC entry 2408 (class 0 OID 0)
-- Dependencies: 209
-- Name: proveedor_Id_seq; Type: SEQUENCE SET; Schema: public; Owner: postgres
--

SELECT pg_catalog.setval('"proveedor_Id_seq"', 4, true);


--
-- TOC entry 2328 (class 0 OID 16516)
-- Dependencies: 212
-- Data for Name: recordar_me; Type: TABLE DATA; Schema: public; Owner: postgres
--

COPY recordar_me (id, usuario_id, ip_address, hash_cookie, created_at) FROM stdin;
1	1	127.0.0.1	194af59163884a780e05cdfdbb266025	2015-03-07 04:25:09
2	1	127.0.0.1	cf364cd96f27de182e40d920ed176213	2015-03-07 04:54:45
3	1	127.0.0.1	bd11e34d5dcdff2afea5665159d101dd	2015-03-07 05:11:45
4	1	127.0.0.1	b41f05c01237b181897c02db0c8c3aee	2015-03-07 05:37:14
5	1	127.0.0.1	d18f6675d255d01716b4963bc9f677bd	2015-03-07 05:59:03
7	1	::1	5d3601338cbf4bd6c8abe4a8d6fb2a75	2015-03-26 02:27:24
\.


--
-- TOC entry 2409 (class 0 OID 0)
-- Dependencies: 211
-- Name: recordar_me_id_seq; Type: SEQUENCE SET; Schema: public; Owner: postgres
--

SELECT pg_catalog.setval('recordar_me_id_seq', 7, true);


--
-- TOC entry 2330 (class 0 OID 16523)
-- Dependencies: 214
-- Data for Name: solicitud_insumos; Type: TABLE DATA; Schema: public; Owner: postgres
--

COPY solicitud_insumos (id, fecha, proveedor_id, empleado_id) FROM stdin;
\.


--
-- TOC entry 2410 (class 0 OID 0)
-- Dependencies: 213
-- Name: solicitud_insumos_Id_seq; Type: SEQUENCE SET; Schema: public; Owner: postgres
--

SELECT pg_catalog.setval('"solicitud_insumos_Id_seq"', 1, false);


--
-- TOC entry 2332 (class 0 OID 16529)
-- Dependencies: 216
-- Data for Name: tipo_doc; Type: TABLE DATA; Schema: public; Owner: postgres
--

COPY tipo_doc (id, desc_tipo_doc) FROM stdin;
\.


--
-- TOC entry 2411 (class 0 OID 0)
-- Dependencies: 215
-- Name: tipo_doc_Id_seq; Type: SEQUENCE SET; Schema: public; Owner: postgres
--

SELECT pg_catalog.setval('"tipo_doc_Id_seq"', 1, false);


--
-- TOC entry 2334 (class 0 OID 16535)
-- Dependencies: 218
-- Data for Name: tipo_empaque; Type: TABLE DATA; Schema: public; Owner: postgres
--

COPY tipo_empaque (id, desc_tipo_empaque) FROM stdin;
2	Bolsa
4	bolsas2
\.


--
-- TOC entry 2412 (class 0 OID 0)
-- Dependencies: 217
-- Name: tipo_empaque_Id_seq; Type: SEQUENCE SET; Schema: public; Owner: postgres
--

SELECT pg_catalog.setval('"tipo_empaque_Id_seq"', 4, true);


--
-- TOC entry 2336 (class 0 OID 16541)
-- Dependencies: 220
-- Data for Name: tipo_id; Type: TABLE DATA; Schema: public; Owner: postgres
--

COPY tipo_id (id, desc_tipo_id) FROM stdin;
1	Cedula
2	Targeta De Identidad
\.


--
-- TOC entry 2413 (class 0 OID 0)
-- Dependencies: 219
-- Name: tipo_id_Id_seq; Type: SEQUENCE SET; Schema: public; Owner: postgres
--

SELECT pg_catalog.setval('"tipo_id_Id_seq"', 3, true);


--
-- TOC entry 2338 (class 0 OID 16547)
-- Dependencies: 222
-- Data for Name: tipo_insumo; Type: TABLE DATA; Schema: public; Owner: postgres
--

COPY tipo_insumo (id, desc_tipo_insumo) FROM stdin;
1	Cal
\.


--
-- TOC entry 2414 (class 0 OID 0)
-- Dependencies: 221
-- Name: tipo_insumo_Id_seq; Type: SEQUENCE SET; Schema: public; Owner: postgres
--

SELECT pg_catalog.setval('"tipo_insumo_Id_seq"', 1, true);


--
-- TOC entry 2340 (class 0 OID 16553)
-- Dependencies: 224
-- Data for Name: tipo_pago; Type: TABLE DATA; Schema: public; Owner: postgres
--

COPY tipo_pago (id, desc_tipo_pago) FROM stdin;
\.


--
-- TOC entry 2415 (class 0 OID 0)
-- Dependencies: 223
-- Name: tipo_pago_Id_seq; Type: SEQUENCE SET; Schema: public; Owner: postgres
--

SELECT pg_catalog.setval('"tipo_pago_Id_seq"', 1, false);


--
-- TOC entry 2342 (class 0 OID 16559)
-- Dependencies: 226
-- Data for Name: usuario; Type: TABLE DATA; Schema: public; Owner: postgres
--

COPY usuario (id, user_name, password, actived, last_login_at, created_at, updated_at, deleted_at) FROM stdin;
13	qweqwe	870e856360391980a51958b91f12cb3d	t	\N	2015-03-07 16:08:07.445	2015-03-07 16:08:07.445	\N
2	consultor	202cb962ac59075b964b07152d234b70	t	\N	2015-02-06 08:13:39.58	2015-02-06 08:13:39.58	\N
4	adminisrador	202cb962ac59075b964b07152d234b70	t	\N	2015-02-24 09:15:26.533	2015-02-24 09:15:26.533	\N
5	bayron	81dc9bdb52d04dc20036dbd8313ed055	t	\N	2015-02-26 14:40:50.948	2015-02-26 14:40:50.948	\N
6	henao	81dc9bdb52d04dc20036dbd8313ed055	t	\N	2015-02-26 14:43:09.015	2015-02-26 14:43:09.015	\N
8	user2	202cb962ac59075b964b07152d234b70	t	\N	2015-03-07 15:58:47.887	2015-03-07 15:58:47.887	\N
9	carlos	202cb962ac59075b964b07152d234b70	t	\N	2015-03-07 16:07:08.162	2015-03-07 16:07:08.162	\N
10	otro	e10adc3949ba59abbe56e057f20f883e	t	\N	2015-03-07 16:07:17.481	2015-03-07 16:07:17.481	\N
12	adminsss	202cb962ac59075b964b07152d234b70	t	\N	2015-03-07 16:08:01.438	2015-03-07 16:08:01.438	\N
7	Carlos	202cb962ac59075b964b07152d234b70	t	2015-03-24 06:01:54	2015-03-06 22:54:07.834	2015-03-06 22:54:07.834	\N
1	admin	202cb962ac59075b964b07152d234b70	t	2015-04-17 22:42:30	2015-02-05 21:56:24.133	2015-02-05 21:56:24.133	\N
\.


--
-- TOC entry 2416 (class 0 OID 0)
-- Dependencies: 227
-- Name: usuario_Id_seq; Type: SEQUENCE SET; Schema: public; Owner: postgres
--

SELECT pg_catalog.setval('"usuario_Id_seq"', 1, false);


--
-- TOC entry 2345 (class 0 OID 16570)
-- Dependencies: 229
-- Data for Name: usuario_credencial; Type: TABLE DATA; Schema: public; Owner: postgres
--

COPY usuario_credencial (id, usuario_id, credencial_id, created_at) FROM stdin;
1	1	1	2015-02-05 21:56:24.133
\.


--
-- TOC entry 2417 (class 0 OID 0)
-- Dependencies: 230
-- Name: usuario_credencial_Id_seq; Type: SEQUENCE SET; Schema: public; Owner: postgres
--

SELECT pg_catalog.setval('"usuario_credencial_Id_seq"', 1, false);


--
-- TOC entry 2418 (class 0 OID 0)
-- Dependencies: 228
-- Name: usuario_credencial_id_seq; Type: SEQUENCE SET; Schema: public; Owner: postgres
--

SELECT pg_catalog.setval('usuario_credencial_id_seq', 1, true);


--
-- TOC entry 2419 (class 0 OID 0)
-- Dependencies: 225
-- Name: usuario_id_seq; Type: SEQUENCE SET; Schema: public; Owner: postgres
--

SELECT pg_catalog.setval('usuario_id_seq', 22, true);


--
-- TOC entry 2086 (class 2606 OID 16578)
-- Name: pkbitacora; Type: CONSTRAINT; Schema: public; Owner: postgres; Tablespace: 
--

ALTER TABLE ONLY bitacora
    ADD CONSTRAINT pkbitacora PRIMARY KEY (id);


--
-- TOC entry 2088 (class 2606 OID 16580)
-- Name: pkciudad; Type: CONSTRAINT; Schema: public; Owner: postgres; Tablespace: 
--

ALTER TABLE ONLY ciudad
    ADD CONSTRAINT pkciudad PRIMARY KEY (id);


--
-- TOC entry 2090 (class 2606 OID 16582)
-- Name: pkcontrol_calidad; Type: CONSTRAINT; Schema: public; Owner: postgres; Tablespace: 
--

ALTER TABLE ONLY control_calidad
    ADD CONSTRAINT pkcontrol_calidad PRIMARY KEY (id);


--
-- TOC entry 2092 (class 2606 OID 16584)
-- Name: pkcredencial; Type: CONSTRAINT; Schema: public; Owner: postgres; Tablespace: 
--

ALTER TABLE ONLY credencial
    ADD CONSTRAINT pkcredencial PRIMARY KEY (id);


--
-- TOC entry 2094 (class 2606 OID 16586)
-- Name: pkdetalle_empaque; Type: CONSTRAINT; Schema: public; Owner: postgres; Tablespace: 
--

ALTER TABLE ONLY detalle_empaque
    ADD CONSTRAINT pkdetalle_empaque PRIMARY KEY (id);


--
-- TOC entry 2096 (class 2606 OID 16588)
-- Name: pkdetalle_entrada; Type: CONSTRAINT; Schema: public; Owner: postgres; Tablespace: 
--

ALTER TABLE ONLY detalle_entrada
    ADD CONSTRAINT pkdetalle_entrada PRIMARY KEY (id);


--
-- TOC entry 2098 (class 2606 OID 16590)
-- Name: pkdetalle_ingreso; Type: CONSTRAINT; Schema: public; Owner: postgres; Tablespace: 
--

ALTER TABLE ONLY detalle_ingreso
    ADD CONSTRAINT pkdetalle_ingreso PRIMARY KEY (id);


--
-- TOC entry 2100 (class 2606 OID 16592)
-- Name: pkdetalle_pago_trabajadores; Type: CONSTRAINT; Schema: public; Owner: postgres; Tablespace: 
--

ALTER TABLE ONLY detalle_pago_trabajadores
    ADD CONSTRAINT pkdetalle_pago_trabajadores PRIMARY KEY (id);


--
-- TOC entry 2102 (class 2606 OID 16594)
-- Name: pkdetalle_solicitud; Type: CONSTRAINT; Schema: public; Owner: postgres; Tablespace: 
--

ALTER TABLE ONLY detalle_solicitud
    ADD CONSTRAINT pkdetalle_solicitud PRIMARY KEY (id);


--
-- TOC entry 2104 (class 2606 OID 16596)
-- Name: pkempaque; Type: CONSTRAINT; Schema: public; Owner: postgres; Tablespace: 
--

ALTER TABLE ONLY empaque
    ADD CONSTRAINT pkempaque PRIMARY KEY (id);


--
-- TOC entry 2106 (class 2606 OID 16598)
-- Name: pkempleado; Type: CONSTRAINT; Schema: public; Owner: postgres; Tablespace: 
--

ALTER TABLE ONLY empleado
    ADD CONSTRAINT pkempleado PRIMARY KEY (id);


--
-- TOC entry 2108 (class 2606 OID 16600)
-- Name: pkempresa; Type: CONSTRAINT; Schema: public; Owner: postgres; Tablespace: 
--

ALTER TABLE ONLY empresa
    ADD CONSTRAINT pkempresa PRIMARY KEY (id);


--
-- TOC entry 2110 (class 2606 OID 16602)
-- Name: pkentrada_bodega; Type: CONSTRAINT; Schema: public; Owner: postgres; Tablespace: 
--

ALTER TABLE ONLY entrada_bodega
    ADD CONSTRAINT pkentrada_bodega PRIMARY KEY (id);


--
-- TOC entry 2112 (class 2606 OID 16604)
-- Name: pkingreso_caña; Type: CONSTRAINT; Schema: public; Owner: postgres; Tablespace: 
--

ALTER TABLE ONLY "ingreso_caña"
    ADD CONSTRAINT "pkingreso_caña" PRIMARY KEY (id);


--
-- TOC entry 2114 (class 2606 OID 16606)
-- Name: pkinsumo; Type: CONSTRAINT; Schema: public; Owner: postgres; Tablespace: 
--

ALTER TABLE ONLY insumo
    ADD CONSTRAINT pkinsumo PRIMARY KEY (id);


--
-- TOC entry 2116 (class 2606 OID 16608)
-- Name: pkinventario; Type: CONSTRAINT; Schema: public; Owner: postgres; Tablespace: 
--

ALTER TABLE ONLY inventario
    ADD CONSTRAINT pkinventario PRIMARY KEY (id);


--
-- TOC entry 2118 (class 2606 OID 16610)
-- Name: pkpago_trabajores; Type: CONSTRAINT; Schema: public; Owner: postgres; Tablespace: 
--

ALTER TABLE ONLY pago_trabajores
    ADD CONSTRAINT pkpago_trabajores PRIMARY KEY (id);


--
-- TOC entry 2120 (class 2606 OID 16612)
-- Name: pkproveedor; Type: CONSTRAINT; Schema: public; Owner: postgres; Tablespace: 
--

ALTER TABLE ONLY proveedor
    ADD CONSTRAINT pkproveedor PRIMARY KEY (id);


--
-- TOC entry 2122 (class 2606 OID 16614)
-- Name: pkrecordar_me; Type: CONSTRAINT; Schema: public; Owner: postgres; Tablespace: 
--

ALTER TABLE ONLY recordar_me
    ADD CONSTRAINT pkrecordar_me PRIMARY KEY (id);


--
-- TOC entry 2126 (class 2606 OID 16616)
-- Name: pksolicitud_insumos; Type: CONSTRAINT; Schema: public; Owner: postgres; Tablespace: 
--

ALTER TABLE ONLY solicitud_insumos
    ADD CONSTRAINT pksolicitud_insumos PRIMARY KEY (id);


--
-- TOC entry 2128 (class 2606 OID 16618)
-- Name: pktipo_doc; Type: CONSTRAINT; Schema: public; Owner: postgres; Tablespace: 
--

ALTER TABLE ONLY tipo_doc
    ADD CONSTRAINT pktipo_doc PRIMARY KEY (id);


--
-- TOC entry 2130 (class 2606 OID 16620)
-- Name: pktipo_empaque; Type: CONSTRAINT; Schema: public; Owner: postgres; Tablespace: 
--

ALTER TABLE ONLY tipo_empaque
    ADD CONSTRAINT pktipo_empaque PRIMARY KEY (id);


--
-- TOC entry 2132 (class 2606 OID 16622)
-- Name: pktipo_id; Type: CONSTRAINT; Schema: public; Owner: postgres; Tablespace: 
--

ALTER TABLE ONLY tipo_id
    ADD CONSTRAINT pktipo_id PRIMARY KEY (id);


--
-- TOC entry 2134 (class 2606 OID 16624)
-- Name: pktipo_insumo; Type: CONSTRAINT; Schema: public; Owner: postgres; Tablespace: 
--

ALTER TABLE ONLY tipo_insumo
    ADD CONSTRAINT pktipo_insumo PRIMARY KEY (id);


--
-- TOC entry 2136 (class 2606 OID 16626)
-- Name: pktipo_pago; Type: CONSTRAINT; Schema: public; Owner: postgres; Tablespace: 
--

ALTER TABLE ONLY tipo_pago
    ADD CONSTRAINT pktipo_pago PRIMARY KEY (id);


--
-- TOC entry 2138 (class 2606 OID 16628)
-- Name: pkusuario; Type: CONSTRAINT; Schema: public; Owner: postgres; Tablespace: 
--

ALTER TABLE ONLY usuario
    ADD CONSTRAINT pkusuario PRIMARY KEY (id);


--
-- TOC entry 2144 (class 2606 OID 16630)
-- Name: pkusuario_credencial; Type: CONSTRAINT; Schema: public; Owner: postgres; Tablespace: 
--

ALTER TABLE ONLY usuario_credencial
    ADD CONSTRAINT pkusuario_credencial PRIMARY KEY (id);


--
-- TOC entry 2083 (class 1259 OID 16631)
-- Name: bitacora_fecha_Idx; Type: INDEX; Schema: public; Owner: postgres; Tablespace: 
--

CREATE INDEX "bitacora_fecha_Idx" ON bitacora USING btree (fecha);


--
-- TOC entry 2084 (class 1259 OID 16632)
-- Name: bitacora_usuario_id_Idx; Type: INDEX; Schema: public; Owner: postgres; Tablespace: 
--

CREATE INDEX "bitacora_usuario_id_Idx" ON bitacora USING btree (usuario_id);


--
-- TOC entry 2123 (class 1259 OID 16633)
-- Name: recordar_me_ip_address_hash_cookie_Idx; Type: INDEX; Schema: public; Owner: postgres; Tablespace: 
--

CREATE UNIQUE INDEX "recordar_me_ip_address_hash_cookie_Idx" ON recordar_me USING btree (ip_address, hash_cookie);


--
-- TOC entry 2124 (class 1259 OID 16634)
-- Name: recordar_me_usuario_id_Idx; Type: INDEX; Schema: public; Owner: postgres; Tablespace: 
--

CREATE INDEX "recordar_me_usuario_id_Idx" ON recordar_me USING btree (usuario_id);


--
-- TOC entry 2139 (class 1259 OID 16635)
-- Name: usuario_actived_Idx; Type: INDEX; Schema: public; Owner: postgres; Tablespace: 
--

CREATE INDEX "usuario_actived_Idx" ON usuario USING btree (actived);


--
-- TOC entry 2145 (class 1259 OID 16636)
-- Name: usuario_credencial_credencial_id_Idx; Type: INDEX; Schema: public; Owner: postgres; Tablespace: 
--

CREATE INDEX "usuario_credencial_credencial_id_Idx" ON usuario_credencial USING btree (credencial_id);


--
-- TOC entry 2146 (class 1259 OID 16637)
-- Name: usuario_credencial_usuario_id_Idx; Type: INDEX; Schema: public; Owner: postgres; Tablespace: 
--

CREATE INDEX "usuario_credencial_usuario_id_Idx" ON usuario_credencial USING btree (usuario_id);


--
-- TOC entry 2147 (class 1259 OID 16638)
-- Name: usuario_credencial_usuario_id_credencial_id_Idx; Type: INDEX; Schema: public; Owner: postgres; Tablespace: 
--

CREATE UNIQUE INDEX "usuario_credencial_usuario_id_credencial_id_Idx" ON usuario_credencial USING btree (usuario_id, credencial_id);


--
-- TOC entry 2140 (class 1259 OID 16639)
-- Name: usuario_deleted_at_Idx; Type: INDEX; Schema: public; Owner: postgres; Tablespace: 
--

CREATE INDEX "usuario_deleted_at_Idx" ON usuario USING btree (deleted_at);


--
-- TOC entry 2141 (class 1259 OID 16640)
-- Name: usuario_user_name_Idx; Type: INDEX; Schema: public; Owner: postgres; Tablespace: 
--

CREATE UNIQUE INDEX "usuario_user_name_Idx" ON usuario USING btree (user_name);


--
-- TOC entry 2142 (class 1259 OID 16641)
-- Name: usuario_user_name_password_Idx; Type: INDEX; Schema: public; Owner: postgres; Tablespace: 
--

CREATE INDEX "usuario_user_name_password_Idx" ON usuario USING btree (user_name, password);


--
-- TOC entry 2148 (class 2606 OID 16642)
-- Name: fk_bitacora_usuario; Type: FK CONSTRAINT; Schema: public; Owner: postgres
--

ALTER TABLE ONLY bitacora
    ADD CONSTRAINT fk_bitacora_usuario FOREIGN KEY (usuario_id) REFERENCES usuario(id) ON UPDATE RESTRICT ON DELETE RESTRICT;


--
-- TOC entry 2149 (class 2606 OID 16647)
-- Name: fk_control_calidad_empleado; Type: FK CONSTRAINT; Schema: public; Owner: postgres
--

ALTER TABLE ONLY control_calidad
    ADD CONSTRAINT fk_control_calidad_empleado FOREIGN KEY (empleado_id) REFERENCES empleado(id);


--
-- TOC entry 2150 (class 2606 OID 16652)
-- Name: fk_control_calidad_proveedor; Type: FK CONSTRAINT; Schema: public; Owner: postgres
--

ALTER TABLE ONLY control_calidad
    ADD CONSTRAINT fk_control_calidad_proveedor FOREIGN KEY (proveedor_id) REFERENCES proveedor(id);


--
-- TOC entry 2151 (class 2606 OID 16657)
-- Name: fk_detalle_empaque_empaque; Type: FK CONSTRAINT; Schema: public; Owner: postgres
--

ALTER TABLE ONLY detalle_empaque
    ADD CONSTRAINT fk_detalle_empaque_empaque FOREIGN KEY (empaque_id) REFERENCES empaque(id);


--
-- TOC entry 2152 (class 2606 OID 16662)
-- Name: fk_detalle_empaque_insumo; Type: FK CONSTRAINT; Schema: public; Owner: postgres
--

ALTER TABLE ONLY detalle_empaque
    ADD CONSTRAINT fk_detalle_empaque_insumo FOREIGN KEY (insumo_id) REFERENCES insumo(id);


--
-- TOC entry 2153 (class 2606 OID 16667)
-- Name: fk_detalle_entrada_entrada_bodega; Type: FK CONSTRAINT; Schema: public; Owner: postgres
--

ALTER TABLE ONLY detalle_entrada
    ADD CONSTRAINT fk_detalle_entrada_entrada_bodega FOREIGN KEY (entrada_bodega_id) REFERENCES entrada_bodega(id);


--
-- TOC entry 2154 (class 2606 OID 16672)
-- Name: fk_detalle_entrada_insumo; Type: FK CONSTRAINT; Schema: public; Owner: postgres
--

ALTER TABLE ONLY detalle_entrada
    ADD CONSTRAINT fk_detalle_entrada_insumo FOREIGN KEY (insumo_id) REFERENCES insumo(id);


--
-- TOC entry 2155 (class 2606 OID 16677)
-- Name: fk_detalle_ingreso_ingreso_caña; Type: FK CONSTRAINT; Schema: public; Owner: postgres
--

ALTER TABLE ONLY detalle_ingreso
    ADD CONSTRAINT "fk_detalle_ingreso_ingreso_caña" FOREIGN KEY ("ingreso_caña_id") REFERENCES "ingreso_caña"(id);


--
-- TOC entry 2156 (class 2606 OID 16682)
-- Name: fk_detalle_ingreso_insumo; Type: FK CONSTRAINT; Schema: public; Owner: postgres
--

ALTER TABLE ONLY detalle_ingreso
    ADD CONSTRAINT fk_detalle_ingreso_insumo FOREIGN KEY (insumo_id) REFERENCES insumo(id);


--
-- TOC entry 2157 (class 2606 OID 16687)
-- Name: fk_detalle_pago_trabajadores_empleado; Type: FK CONSTRAINT; Schema: public; Owner: postgres
--

ALTER TABLE ONLY detalle_pago_trabajadores
    ADD CONSTRAINT fk_detalle_pago_trabajadores_empleado FOREIGN KEY (empleado_id) REFERENCES empleado(id);


--
-- TOC entry 2158 (class 2606 OID 16692)
-- Name: fk_detalle_pago_trabajadores_pago_trabajores; Type: FK CONSTRAINT; Schema: public; Owner: postgres
--

ALTER TABLE ONLY detalle_pago_trabajadores
    ADD CONSTRAINT fk_detalle_pago_trabajadores_pago_trabajores FOREIGN KEY (pago_trabajores_id) REFERENCES pago_trabajores(id);


--
-- TOC entry 2159 (class 2606 OID 16697)
-- Name: fk_detalle_pago_trabajadores_tipo_pago; Type: FK CONSTRAINT; Schema: public; Owner: postgres
--

ALTER TABLE ONLY detalle_pago_trabajadores
    ADD CONSTRAINT fk_detalle_pago_trabajadores_tipo_pago FOREIGN KEY (tipo_pago_id) REFERENCES tipo_pago(id);


--
-- TOC entry 2160 (class 2606 OID 16702)
-- Name: fk_detalle_solicitud_insumo; Type: FK CONSTRAINT; Schema: public; Owner: postgres
--

ALTER TABLE ONLY detalle_solicitud
    ADD CONSTRAINT fk_detalle_solicitud_insumo FOREIGN KEY (insumo_id) REFERENCES insumo(id);


--
-- TOC entry 2161 (class 2606 OID 16707)
-- Name: fk_detalle_solicitud_solicitud_insumos; Type: FK CONSTRAINT; Schema: public; Owner: postgres
--

ALTER TABLE ONLY detalle_solicitud
    ADD CONSTRAINT fk_detalle_solicitud_solicitud_insumos FOREIGN KEY (solicitud_insumos_id) REFERENCES solicitud_insumos(id);


--
-- TOC entry 2162 (class 2606 OID 16712)
-- Name: fk_empaque_empleado; Type: FK CONSTRAINT; Schema: public; Owner: postgres
--

ALTER TABLE ONLY empaque
    ADD CONSTRAINT fk_empaque_empleado FOREIGN KEY (empleado_id) REFERENCES empleado(id);


--
-- TOC entry 2163 (class 2606 OID 16717)
-- Name: fk_empaque_tipo_empaque; Type: FK CONSTRAINT; Schema: public; Owner: postgres
--

ALTER TABLE ONLY empaque
    ADD CONSTRAINT fk_empaque_tipo_empaque FOREIGN KEY (tipo_empaque_id) REFERENCES tipo_empaque(id);


--
-- TOC entry 2164 (class 2606 OID 16722)
-- Name: fk_empleado_credencial; Type: FK CONSTRAINT; Schema: public; Owner: postgres
--

ALTER TABLE ONLY empleado
    ADD CONSTRAINT fk_empleado_credencial FOREIGN KEY (credencial_id) REFERENCES credencial(id);


--
-- TOC entry 2165 (class 2606 OID 16727)
-- Name: fk_empleado_tipo_id; Type: FK CONSTRAINT; Schema: public; Owner: postgres
--

ALTER TABLE ONLY empleado
    ADD CONSTRAINT fk_empleado_tipo_id FOREIGN KEY (tipo_id_id) REFERENCES tipo_id(id);


--
-- TOC entry 2166 (class 2606 OID 16732)
-- Name: fk_entrada_bodega_proveedor; Type: FK CONSTRAINT; Schema: public; Owner: postgres
--

ALTER TABLE ONLY entrada_bodega
    ADD CONSTRAINT fk_entrada_bodega_proveedor FOREIGN KEY (proveedor_id) REFERENCES proveedor(id);


--
-- TOC entry 2167 (class 2606 OID 16737)
-- Name: fk_ingreso_caña_empleado; Type: FK CONSTRAINT; Schema: public; Owner: postgres
--

ALTER TABLE ONLY "ingreso_caña"
    ADD CONSTRAINT "fk_ingreso_caña_empleado" FOREIGN KEY (empleado_id) REFERENCES empleado(id);


--
-- TOC entry 2168 (class 2606 OID 16742)
-- Name: fk_ingreso_caña_proveedor; Type: FK CONSTRAINT; Schema: public; Owner: postgres
--

ALTER TABLE ONLY "ingreso_caña"
    ADD CONSTRAINT "fk_ingreso_caña_proveedor" FOREIGN KEY (proveedor_id) REFERENCES proveedor(id);


--
-- TOC entry 2169 (class 2606 OID 16747)
-- Name: fk_insumo_tipo_insumo; Type: FK CONSTRAINT; Schema: public; Owner: postgres
--

ALTER TABLE ONLY insumo
    ADD CONSTRAINT fk_insumo_tipo_insumo FOREIGN KEY (tipo_insumo_id) REFERENCES tipo_insumo(id);


--
-- TOC entry 2170 (class 2606 OID 16752)
-- Name: fk_inventario_insumo; Type: FK CONSTRAINT; Schema: public; Owner: postgres
--

ALTER TABLE ONLY inventario
    ADD CONSTRAINT fk_inventario_insumo FOREIGN KEY (insumo_id) REFERENCES insumo(id);


--
-- TOC entry 2171 (class 2606 OID 16757)
-- Name: fk_inventario_tipo_doc; Type: FK CONSTRAINT; Schema: public; Owner: postgres
--

ALTER TABLE ONLY inventario
    ADD CONSTRAINT fk_inventario_tipo_doc FOREIGN KEY (tipo_doc_id) REFERENCES tipo_doc(id);


--
-- TOC entry 2172 (class 2606 OID 16762)
-- Name: fk_pago_trabajores_empresa; Type: FK CONSTRAINT; Schema: public; Owner: postgres
--

ALTER TABLE ONLY pago_trabajores
    ADD CONSTRAINT fk_pago_trabajores_empresa FOREIGN KEY (empresa_id) REFERENCES empresa(id);


--
-- TOC entry 2173 (class 2606 OID 16767)
-- Name: fk_proveedor_ciudad; Type: FK CONSTRAINT; Schema: public; Owner: postgres
--

ALTER TABLE ONLY proveedor
    ADD CONSTRAINT fk_proveedor_ciudad FOREIGN KEY (ciudad_id) REFERENCES ciudad(id);


--
-- TOC entry 2174 (class 2606 OID 16772)
-- Name: fk_recordar_me_usuario; Type: FK CONSTRAINT; Schema: public; Owner: postgres
--

ALTER TABLE ONLY recordar_me
    ADD CONSTRAINT fk_recordar_me_usuario FOREIGN KEY (usuario_id) REFERENCES usuario(id) ON UPDATE RESTRICT ON DELETE RESTRICT;


--
-- TOC entry 2175 (class 2606 OID 16777)
-- Name: fk_solicitud_insumos_empleado; Type: FK CONSTRAINT; Schema: public; Owner: postgres
--

ALTER TABLE ONLY solicitud_insumos
    ADD CONSTRAINT fk_solicitud_insumos_empleado FOREIGN KEY (empleado_id) REFERENCES empleado(id);


--
-- TOC entry 2176 (class 2606 OID 16782)
-- Name: fk_solicitud_insumos_proveedor; Type: FK CONSTRAINT; Schema: public; Owner: postgres
--

ALTER TABLE ONLY solicitud_insumos
    ADD CONSTRAINT fk_solicitud_insumos_proveedor FOREIGN KEY (proveedor_id) REFERENCES proveedor(id);


--
-- TOC entry 2177 (class 2606 OID 16787)
-- Name: fk_usuario_credencial_credencial; Type: FK CONSTRAINT; Schema: public; Owner: postgres
--

ALTER TABLE ONLY usuario_credencial
    ADD CONSTRAINT fk_usuario_credencial_credencial FOREIGN KEY (credencial_id) REFERENCES credencial(id) ON UPDATE RESTRICT ON DELETE RESTRICT;


--
-- TOC entry 2178 (class 2606 OID 16792)
-- Name: fk_usuario_credencial_usuario; Type: FK CONSTRAINT; Schema: public; Owner: postgres
--

ALTER TABLE ONLY usuario_credencial
    ADD CONSTRAINT fk_usuario_credencial_usuario FOREIGN KEY (usuario_id) REFERENCES usuario(id) ON UPDATE RESTRICT ON DELETE RESTRICT;


--
-- TOC entry 2353 (class 0 OID 0)
-- Dependencies: 6
-- Name: public; Type: ACL; Schema: -; Owner: postgres
--

REVOKE ALL ON SCHEMA public FROM PUBLIC;
REVOKE ALL ON SCHEMA public FROM postgres;
GRANT ALL ON SCHEMA public TO postgres;
GRANT ALL ON SCHEMA public TO PUBLIC;


-- Completed on 2015-04-17 16:05:05

--
-- PostgreSQL database dump complete
--

